Subject,TimeInterview,TimeTimeline,TimeClock,TimeMaths,TimeNumber,TimeHandedness,TimeWriting,TimeEnvironment,TimeHierarchy,TimePosNeg,TimeBackFront,TimeSimProx,TimeTaskDem,TimeAes,TimeBullseye,TimeRadial,TimeRandom,TimeDNR,TimeOther,QuantityInterview,QuantityTimeline,QuantityClock,QuantityMaths,QuantityNumber,QuantityHandedness,QuantityWriting,QuantityEnvironment,QuantityHierarchy,QuantityPosNeg,QuantityBackFront,QuantitySimProx,QuantityTaskDem,QuantityAes,QuantityBullseye,QuantityRadial,QuantityRandom,QuantityDNR,QuantityOther,ValenceInterview,ValenceTimeline,ValenceClock,ValenceMaths,ValenceNumber,ValenceHandedness,ValenceWriting,ValenceEnvironment,ValenceHierarchy,ValenceBackFront,ValenceSimProx,ValenceTaskDem,ValenceAes,ValenceBullseye,ValenceRadial,ValenceRandom,ValenceDNR,ValenceOther,NumbersInterview,NumbersTimeline,NumbersClock,NumbersMaths,NumberLine,NumbersHandedness,NumbersWriting,NumbersEnvironment,NumbersHierarchy,NumbersPosNeg,NumbersBackFront,NumbersSimProx,NumbersTaskDem,NumbersAes,NumbersBullseye,NumbersRadial,NumbersRandom,NumbersDNR,NumbersOther
S1,I put the in order if earliest to latest with top left being earliest to bottom right being latest.,no,no,no,no,no,no,no,no,no,no,no,no,no,no,no,no,no,no,I put them in order of least to most with top left being least and bottom right being most.,no,no,no,no,no,no,no,no,no,no,no,no,no,no,no,no,no,no,I put them in order of worst to best with the top left being worst and the bottom right being best.,no,no,no,no,no,no,no,no,no,no,no,no,no,no,no,no,no,"I sort of put them in numerical order. 2 at the top left, 4 at the top right.7 at the bottom left, 9 at the bottom right.",no,no,no,no,no,no,no,no,no,no,no,no,no,no,no,no,no,no
S10,I think that the placement on these was random.,no,no,no,no,no,no,no,no,no,no,no,no,no,no,no,yes,no,no,N/A,no,no,no,no,no,no,no,no,no,no,no,no,no,no,no,no,no,no,"I believe that with these the placement was with ""worst"" the lowest and ""best"" the highest with the other two words in between, it seemed the most natural arrangement.",no,no,no,no,no,no,no,no,no,no,no,no,no,no,no,no,no,"I believe that these were placed in ascending order, with 9 at the top and 2 at the bottom.",no,no,no,no,no,no,no,no,no,no,no,no,no,no,no,no,no,no
S100,"I was thinking of arriving on time being a positive, so those being inside the circle.",no,no,no,no,no,no,no,no,yes,no,no,no,no,no,no,no,no,no,I was thinking that most would be in the center where least likely would be outside of the circle.,no,no,no,no,no,no,no,no,no,no,no,no,no,no,yes,no,no,no,I was thinking of a bullseye target where the best is in the center.,no,no,no,no,no,no,no,no,no,no,no,no,yes,yes,no,no,no,I was thinking of a bullseye target and the most points being at the center.,no,no,no,no,no,no,no,no,no,no,no,no,no,yes,yes,no,no,no
S101,"I thought of earlier and earliest as being like the 'rising' points on the circle, where later and latest seemed as though they should be descending.",no,no,no,no,no,no,no,no,no,no,no,no,no,no,no,no,no,no,"Most seemed more appropriate in the middle of the circle, where as close to the edge seemed to resemble less.",no,no,no,no,no,no,no,no,no,no,no,no,no,no,yes,no,no,no,"Best seemed to me, most logical in the center of the circle with the worst working its way towards the edge.",no,no,no,no,no,no,no,no,no,no,no,no,no,yes,no,no,no,I don't remember this task.,no,no,no,no,no,no,no,no,no,no,no,no,no,no,no,no,yes,no
S102,N/A,no,no,no,no,no,no,no,no,no,no,no,no,no,no,no,no,no,no,Arranged them with an ascendiing order,no,no,no,no,no,no,no,no,no,no,no,no,no,no,no,no,no,no,Arranged them in order of relevance,no,no,no,no,no,no,no,no,no,no,no,no,no,no,no,no,no,I arranged from the  lowest to highest number,no,no,no,no,no,no,no,no,no,no,no,no,no,no,no,no,no,no
S103,I tried to place them in an order where they would flow the best together.,no,no,no,no,no,no,no,no,no,no,no,no,no,no,no,no,no,no,I tried to place them in an order that could be ascending.,no,no,no,no,no,no,no,no,no,no,no,no,no,no,no,no,no,no,I tried to place them in a way that would flow from best to worst.,no,no,no,no,no,no,no,no,no,no,no,no,no,no,no,no,no,N/A,no,no,no,no,no,no,no,no,no,no,no,no,no,no,no,no,no,no
S104,I just placed them randomly at the top for speed of placement.,no,no,no,no,no,no,no,no,no,no,no,no,no,no,no,yes,no,no,"Again, I placed then clockwise with 'least' starting at noon.",no,yes,no,no,no,no,no,no,no,no,no,no,no,no,no,no,no,yes,NA,no,no,no,no,no,no,no,no,no,no,no,no,no,no,no,no,no,Based on the numbers of a clock face.,no,yes,no,no,no,no,no,no,no,no,no,no,no,no,no,no,no,no
S105,The square felt easiest also,no,no,no,no,no,no,no,no,no,no,no,no,no,no,no,no,no,no,NA,no,no,no,no,no,no,no,no,no,no,no,no,no,no,no,no,no,no,I felt like i could coordonate it as a square,no,no,no,no,no,no,no,no,no,no,no,no,no,no,no,no,no,I felt like it was a combination almost.,no,no,no,no,no,no,no,no,no,no,no,no,no,no,no,no,no,no
S106,na,no,no,no,no,no,no,no,no,no,no,no,no,no,no,no,no,no,no,na,no,no,no,no,no,no,no,no,no,no,no,no,no,no,no,no,no,no,na,no,no,no,no,no,no,no,no,no,no,no,no,no,no,no,no,no,na,no,no,no,no,no,no,no,no,no,no,no,no,no,no,no,no,no,no
S107,there was so entity words of our suspentional,no,no,no,no,no,no,no,no,no,no,no,no,no,no,no,no,no,no,it was nothing without as there,no,no,no,no,no,no,no,no,no,no,no,no,no,no,no,no,no,no,firtly considered for one type of surgical values,no,no,no,no,no,no,no,no,no,no,no,no,no,no,no,no,no,that was yield to be sensitive,no,no,no,no,no,no,no,no,no,no,no,no,no,no,no,no,no,no
S108,NA,no,no,no,no,no,no,no,no,no,no,no,no,no,no,no,no,no,no,NA,no,no,no,no,no,no,no,no,no,no,no,no,no,no,no,no,no,no,NA,no,no,no,no,no,no,no,no,no,no,no,no,no,no,no,no,no,NA,no,no,no,no,no,no,no,no,no,no,no,no,no,no,no,no,no,no
S109,I chose to go from left to right; from earliest to latest.,no,no,no,no,no,no,no,no,no,no,no,no,no,no,no,no,no,no,I went from bottom to top with least to most,no,no,no,no,no,no,no,no,no,no,no,no,no,no,no,no,no,no,I went from left to right; from worst to best.,no,no,no,no,no,no,no,no,no,no,no,no,no,no,no,no,no,I did not place numbers at all,no,no,no,no,no,no,no,no,no,no,no,no,no,no,no,no,yes,no
S11,"When referring to time, I moved from left to right instead of up and down, but the same way otherwise.",no,no,no,no,no,no,no,no,no,no,no,no,no,no,no,no,no,no,"I moved up and down from the bottom, based on if they were the least (lowest to the bottom) or the most (closest to the top).",no,no,no,no,no,no,no,no,no,no,no,no,no,no,no,no,no,no,"I thought of it as filling the circle from bottom to top, the best being right near the top and the worst being near the bottom.",no,no,no,no,no,no,yes,no,no,no,no,no,no,no,no,no,no,I did not receive this question.,no,no,no,no,no,no,no,no,no,no,no,no,no,no,no,no,yes,no
S110,Earliest is a little bit sooner than earlier and later is a little bit sooner than latest.,no,no,no,no,no,no,no,no,no,no,no,no,no,no,no,no,no,no,Less is somewhat better than least and most is a little bit better than most.,no,no,no,no,no,no,no,no,yes,no,no,no,no,no,no,no,no,no,Worse is a little better than worst and better is a little worse than best.,no,no,no,no,no,no,no,no,no,no,no,no,no,no,no,no,no,NA,no,no,no,no,no,no,no,no,no,no,no,no,no,no,no,no,no,no
S111,NA,no,no,no,no,no,no,no,no,no,no,no,no,no,no,no,no,no,no,NA,no,no,no,no,no,no,no,no,no,no,no,no,no,no,no,no,no,no,NA,no,no,no,no,no,no,no,no,no,no,no,no,no,no,no,no,no,NA,no,no,no,no,no,no,no,no,no,no,no,no,no,no,no,no,no,no
S112,NA,no,no,no,no,no,no,no,no,no,no,no,no,no,no,no,no,no,no,I felt like the top of the circle was a better fit for most and the others were relative to that.,no,no,no,no,no,no,no,no,no,no,no,no,no,no,no,no,no,no,The top portion of the circle seemed more appropriate for best. And the bottom for worst.,no,no,no,no,no,no,no,no,no,no,no,no,no,no,no,no,no,I placed them as you would see them on a clock. The circle was reminiscent of a clock.,no,yes,no,no,no,no,no,no,no,no,no,no,no,no,no,no,no,no
S113,Moving to the left was earlier and to the right is later. Almost as the circle is a clock,no,yes,no,no,no,no,no,no,no,no,no,no,no,no,no,no,no,no,Acted like the circle was a container and there were varying degrees of fullness to it.,no,no,no,no,no,no,yes,no,no,no,no,no,no,no,no,no,no,no,Best represented the center of the circle. The others were varying degrees of not centered.,no,no,no,no,no,no,no,no,no,no,no,no,no,yes,no,no,no,NA,no,no,no,no,no,no,no,no,no,no,no,no,no,no,no,no,no,no
S115,looked lik a good spot,no,no,no,no,no,no,no,no,no,no,no,no,no,no,no,no,no,no,just took a guess,no,no,no,no,no,no,no,no,no,no,no,no,no,no,yes,no,no,no,na,no,no,no,no,no,no,no,no,no,no,no,no,no,no,no,no,no,reminded of a clock,no,yes,no,no,no,no,no,no,no,no,no,no,no,no,no,no,no,no
S116,n/a,no,no,no,no,no,no,no,no,no,no,no,no,no,no,no,no,no,no,n/a,no,no,no,no,no,no,no,no,no,no,no,no,no,no,no,no,no,no,n/a,no,no,no,no,no,no,no,no,no,no,no,no,no,no,no,no,no,n/a,no,no,no,no,no,no,no,no,no,no,no,no,no,no,no,no,no,no
S117,I put them randomly,no,no,no,no,no,no,no,no,no,no,no,no,no,no,no,yes,no,no,I put them randomly,no,no,no,no,no,no,no,no,no,no,no,no,no,no,yes,no,no,no,I put them randomly,no,no,no,no,no,no,no,no,no,no,no,no,no,no,yes,no,no,It was random act,no,no,no,no,no,no,no,no,no,no,no,no,no,no,no,yes,no,no
S118,NA,no,no,no,no,no,no,no,no,no,no,no,no,no,no,no,no,no,no,NA,no,no,no,no,no,no,no,no,no,no,no,no,no,no,no,no,no,no,NA,no,no,no,no,no,no,no,no,no,no,no,no,no,no,no,no,no,NA,no,no,no,no,no,no,no,no,no,no,no,no,no,no,no,no,no,no
S119,I thought of time and where is was within that circle then placed the words where I thought they were suppose to be.,no,no,no,no,no,no,no,no,no,no,no,no,no,no,no,no,no,no,I placed them in those positions because I thought that is where they needed to be placed due to their wording.,no,no,no,no,no,no,no,no,no,no,no,no,no,no,no,no,no,no,I thought of a line and just tried to put them in order,no,no,no,no,no,no,no,no,no,no,no,no,no,no,no,no,no,I tried to think of a number scale and tried to place them within that number scale in my mind in that circle.,no,no,no,yes,no,no,no,no,no,no,no,no,no,no,no,no,no,no
S12,NA,no,no,no,no,no,no,no,no,no,no,no,no,no,no,no,no,no,no,NA,no,no,no,no,no,no,no,no,no,no,no,no,no,no,no,no,no,no,NA,no,no,no,no,no,no,no,no,no,no,no,no,no,no,no,no,no,NA,no,no,no,no,no,no,no,no,no,no,no,no,no,no,no,no,no,no
S120,i put earliest in the middle and worked my way outward,no,no,no,no,no,no,no,no,no,no,no,no,no,no,yes,no,no,no,"I think most goes in the middle, where things are centralized and have high density, kind of like the shape of an atom",no,no,no,no,no,no,yes,no,no,no,no,no,no,no,yes,no,no,no,I think best goes in the middle and it gradually gets worse,no,no,no,no,no,no,no,no,no,no,no,no,no,yes,no,no,no,NA,no,no,no,no,no,no,no,no,no,no,no,no,no,no,no,no,no,no
S121,that words all most use to me,no,no,no,no,no,no,no,no,no,no,no,no,no,no,no,no,no,no,NA,no,no,no,no,no,no,no,no,no,no,no,no,no,no,no,no,no,no,all words choose to my own thing,no,no,no,no,no,no,no,no,no,no,no,no,no,no,no,no,no,NA,no,no,no,no,no,no,no,no,no,no,no,no,no,no,no,no,no,no
S122,"I follow the instructions. So, I choose to place the words.",no,no,no,no,no,no,no,no,no,no,no,no,no,no,no,no,no,no,NA,no,no,no,no,no,no,no,no,no,no,no,no,no,no,no,no,no,no,"I follow the instructions. So, I choose to place the words.",no,no,no,no,no,no,no,no,no,no,no,no,no,no,no,no,no,"I follow the instructions. So, I choose to place the words.",no,no,no,no,no,no,no,no,no,no,no,no,no,no,no,no,no,no
S123,I put the words in order of a time line inverted with the earliest time at the top.,yes,no,no,no,no,no,no,no,no,no,no,no,no,no,no,no,no,no,Ordered in amount approximation top down.,no,no,no,no,no,no,no,no,no,no,no,no,no,no,no,no,no,no,I ordered the words from least to most.,no,no,no,no,no,no,no,no,no,no,no,no,no,no,no,no,no,I tried to very roughly approximate a vertical number line going from top to bottom.,no,no,no,no,no,no,no,no,no,no,no,no,no,no,no,no,no,no
S124,latest,no,no,no,no,no,no,no,no,no,no,no,no,no,no,no,no,no,no,most,no,no,no,no,no,no,no,no,no,no,no,no,no,no,no,no,no,no,Best,no,no,no,no,no,no,no,no,no,no,no,no,no,no,no,no,no,9,no,no,no,no,no,no,no,no,no,no,no,no,no,no,no,no,no,no
S125,I put earliest and earlier in the middle and later and latest in the surround circle.,no,no,no,no,no,no,no,no,no,no,no,no,no,no,yes,no,no,no,I put most and more inside the circle since that's where it's most concentrated and least and less outside since there's less circle there.,no,no,no,no,no,no,no,no,no,no,no,no,no,no,yes,no,no,no,I placed worst and worse outside and best in the middle. Makes the most sense.,no,no,no,no,no,no,no,no,no,no,no,no,no,yes,no,no,no,I just went from 2 to 9 starting from the middle of the circle. It made the most sense to me.,no,no,no,no,no,no,no,no,no,no,no,no,no,no,yes,no,no,no
S126,NA,no,no,no,no,no,no,no,no,no,no,no,no,no,no,no,no,no,no,NA,no,no,no,no,no,no,no,no,no,no,no,no,no,no,no,no,no,no,NA,no,no,no,no,no,no,no,no,no,no,no,no,no,no,no,no,no,I placed it in order from smallest to biggest.,no,no,no,no,no,no,no,no,no,no,no,no,no,no,no,no,no,no
S127,By group,no,no,no,no,no,no,no,no,no,no,no,no,no,no,no,no,no,no,In the order that they where presented,no,no,no,no,no,no,no,no,no,no,no,yes,no,no,no,no,no,no,NA,no,no,no,no,no,no,no,no,no,no,no,no,no,no,no,no,no,I placed them in numerical order,no,no,no,no,no,no,no,no,no,no,no,no,no,no,no,no,no,no
S128,"I thought about people being on time. I placed 'earliest' and 'earlier' toward the front of the words to kind of show them being 'on time' or happening before others for the word 'earlier.' Then, I put 'later' and 'latest' toward the back, or near the outside of the circle, to kind of show them being late.",no,no,no,no,no,no,no,no,no,yes,no,no,no,no,no,no,no,no,"For 'more' and 'most,' I was thinking about how 'most' could be talking about 'most' of the circle. So, I put the word toward the outside. Same with 'more."" With 'least' and 'less,' I put those two words closer to the middle.",no,no,no,no,no,no,no,no,no,no,no,no,no,no,yes,no,no,no,NA,no,no,no,no,no,no,no,no,no,no,no,no,no,no,no,no,no,"I kind of placed them like you would on a number scale. So, I put '2' at the beginning and '9' somewhere toward the end. Then, I put '4' and '7' between '2' and '9.'",no,no,no,yes,no,no,no,no,no,no,no,no,no,no,no,no,no,no
S129,i choose  based on the relationship,no,no,no,no,no,no,no,no,no,no,no,no,no,no,no,no,no,no,na,no,no,no,no,no,no,no,no,no,no,no,no,no,no,no,no,no,no,its based on the relation,no,no,no,no,no,no,no,no,no,no,no,no,no,no,no,no,no,i choose the clock mode,no,yes,no,no,no,no,no,no,no,no,no,no,no,no,no,no,no,no
S13,NA,no,no,no,no,no,no,no,no,no,no,no,no,no,no,no,no,no,no,NA,no,no,no,no,no,no,no,no,no,no,no,no,no,no,no,no,no,no,NA,no,no,no,no,no,no,no,no,no,no,no,no,no,no,no,no,no,NA,no,no,no,no,no,no,no,no,no,no,no,no,no,no,no,no,no,no
S14,I just clicked randomly.,no,no,no,no,no,no,no,no,no,no,no,no,no,no,no,yes,no,no,the left side was the least and it grew to right direction.,no,no,no,no,no,no,no,no,no,no,no,no,no,no,no,no,no,no,The left side was the extremely bad side and the right side was the extremely good.,no,no,no,no,no,no,no,no,no,no,no,no,no,no,no,no,no,I wasn't given a task to place the abovementioned numbers.,no,no,no,no,no,no,no,no,no,no,no,no,no,no,no,no,yes,no
S15,"I put them where they felt right, temporally.",no,no,no,no,no,no,no,no,no,no,no,no,no,no,no,no,no,no,I put them where I felt that they went in terms of quantity.,no,no,no,no,no,no,no,no,no,no,no,no,no,no,no,no,no,no,I put them where I felt that they would be on a scale.,no,no,no,no,no,no,no,no,no,no,no,no,no,no,no,no,no,These numbers where not in my study.,no,no,no,no,no,no,no,no,no,no,no,no,no,no,no,no,yes,no
S16,NA,no,no,no,no,no,no,no,no,no,no,no,no,no,no,no,no,no,no,NA,no,no,no,no,no,no,no,no,no,no,no,no,no,no,no,no,no,no,NA,no,no,no,no,no,no,no,no,no,no,no,no,no,no,no,no,no,NA,no,no,no,no,no,no,no,no,no,no,no,no,no,no,no,no,no,no
S18,NA,no,no,no,no,no,no,no,no,no,no,no,no,no,no,no,no,no,no,I went from lowest to highest,no,no,no,no,no,no,no,no,no,no,no,no,no,no,no,no,no,no,I from bad to good,no,no,no,no,no,no,no,no,no,no,no,no,no,no,no,no,no,I went from low to high,no,no,no,no,no,no,no,no,no,no,no,no,no,no,no,no,no,no
S19,"The later words were lower, and the earlier words were placed higher.",no,no,no,no,no,no,no,no,no,no,no,no,no,no,no,no,no,no,"I placed the words so that the lesser was lower, and more was higher.",no,no,no,no,no,no,no,no,no,no,no,no,no,no,no,no,no,no,The better numbers went higher on the circle and the worse numbers went lower on the circle.,no,no,no,no,no,no,no,no,no,no,no,no,no,no,no,no,no,"The lower numbers went lower on the circle, and the higher numbers went higher.",no,no,no,no,no,no,no,no,no,no,no,no,no,no,no,no,no,no
S2,"Graphed much like the others, but for some reason I put lateness high, probably because I associate later time with higher values of time.",no,no,yes,no,no,no,no,no,no,no,no,no,no,no,no,no,no,yes,I graphed it by amount over that order.,no,no,yes,no,no,no,no,no,no,no,no,no,no,no,no,no,no,no,I graphed it by goodness over that order.,no,no,yes,no,no,no,no,no,no,no,no,no,no,no,no,no,no,I thought of a keypad layout.,no,no,no,no,no,no,yes,no,no,no,no,no,no,no,no,no,no,no
S20,NA,no,no,no,no,no,no,no,no,no,no,no,no,no,no,no,no,no,no,NA,no,no,no,no,no,no,no,no,no,no,no,no,no,no,no,no,no,no,NA,no,no,no,no,no,no,no,no,no,no,no,no,no,no,no,no,no,I felt like doing lowest to highest,no,no,no,no,no,no,no,no,no,no,no,no,no,no,no,no,no,no
S21,I placed them along a timeline.,yes,no,no,no,no,no,no,no,no,no,no,no,no,no,no,no,no,no,I tried to order them in a stack from top to bottom.,no,no,no,no,no,no,no,no,no,no,no,no,no,no,no,no,no,no,I stacked them from top to bottom.,no,no,no,no,no,no,no,no,no,no,no,no,no,no,no,no,no,NA,no,no,no,no,no,no,no,no,no,no,no,no,no,no,no,no,no,no
S22,NA,no,no,no,no,no,no,no,no,no,no,no,no,no,no,no,no,no,no,I took the circle as a target and thought the 'most' center then went to the 'least' center and from there i went to a little more center and then a little less center.,no,no,no,no,no,no,no,no,no,no,no,no,no,yes,yes,no,no,no,NA,no,no,no,no,no,no,no,no,no,no,no,no,no,no,no,no,no,I looked at the circle as a clock and went towards the hours where they would be on a 12 hour clock,no,yes,no,no,no,no,no,no,no,no,no,no,no,no,no,no,no,no
S24,NA,no,no,no,no,no,no,no,no,no,no,no,no,no,no,no,no,no,no,NA,no,no,no,no,no,no,no,no,no,no,no,no,no,no,no,no,no,no,NA,no,no,no,no,no,no,no,no,no,no,no,no,no,no,no,no,no,NA,no,no,no,no,no,no,no,no,no,no,no,no,no,no,no,no,no,no
S25,I put them in order with the earliest time being first gradually decreasing to latest being last.,no,no,no,no,no,no,no,no,no,no,no,no,no,no,no,no,no,no,I tried to place them with most being first and gradually decreasing to least.,no,no,no,no,no,no,no,no,no,no,no,no,no,no,no,no,no,no,I placed them with best being first and gradually decreasing to worst.,no,no,no,no,no,no,no,no,no,no,no,no,no,no,no,no,no,I put them in number order from least to most.,no,no,no,no,no,no,no,no,no,no,no,no,no,no,no,no,no,no
S26,NA I don't remember these words,no,no,no,no,no,no,no,no,no,no,no,no,no,no,no,no,yes,no,I put most at the top and least at the bottom because that made sense,no,no,no,no,no,no,no,no,no,no,no,no,no,no,no,no,no,no,I put best at the top and worst at the bottom because that made sense,no,no,no,no,no,no,no,no,no,no,no,no,no,no,no,no,no,I put them in a left to right top to bottom order because that made sense,no,no,no,no,no,no,no,no,no,no,no,no,no,no,no,no,no,no
S27,I thought of a clock and where they might be in time,no,yes,no,no,no,no,no,no,no,no,no,no,no,no,no,no,no,no,NA,no,no,no,no,no,no,no,no,no,no,no,no,no,no,no,no,no,no,NA,no,no,no,no,no,no,no,no,no,no,no,no,no,no,no,no,no,I tried to do it like a clock,no,yes,no,no,no,no,no,no,no,no,no,no,no,no,no,no,no,no
S28,NA,no,no,no,no,no,no,no,no,no,no,no,no,no,no,no,no,no,no,NA,no,no,no,no,no,no,no,no,no,no,no,no,no,no,no,no,no,no,NA,no,no,no,no,no,no,no,no,no,no,no,no,no,no,no,no,no,NA,no,no,no,no,no,no,no,no,no,no,no,no,no,no,no,no,no,no
S29,NA'.,no,no,no,no,no,no,no,no,no,no,no,no,no,no,no,no,no,no,NA,no,no,no,no,no,no,no,no,no,no,no,no,no,no,no,no,no,no,NA,no,no,no,no,no,no,no,no,no,no,no,no,no,no,no,no,no,NA,no,no,no,no,no,no,no,no,no,no,no,no,no,no,no,no,no,no
S3,NA,no,no,no,no,no,no,no,no,no,no,no,no,no,no,no,no,no,no,NA,no,no,no,no,no,no,no,no,no,no,no,no,no,no,no,no,no,no,NA,no,no,no,no,no,no,no,no,no,no,no,no,no,no,no,no,no,NA,no,no,no,no,no,no,no,no,no,no,no,no,no,no,no,no,no,no
S30,NA,no,no,no,no,no,no,no,no,no,no,no,no,no,no,no,no,no,no,NA,no,no,no,no,no,no,no,no,no,no,no,no,no,no,no,no,no,no,NA,no,no,no,no,no,no,no,no,no,no,no,no,no,no,no,no,no,NA,no,no,no,no,no,no,no,no,no,no,no,no,no,no,no,no,no,no
S31,I went from earliest to latest  so there was somewhat of a time scale,no,no,no,no,no,no,no,no,no,no,no,no,no,no,no,no,no,no,I went from least to most so there was somewhat of a quantity scale,no,no,no,no,no,no,no,no,no,no,no,no,no,no,no,no,no,no,I went from worst to best so there was somewhat of a evaluation scale,no,no,no,no,no,no,no,no,no,no,no,no,no,no,no,no,no,I went from 2 to 9 so there was somewhat of a number scale,no,no,no,yes,no,no,no,no,no,no,no,no,no,no,no,no,no,no
S32,I tried to place the earlier words near the top and progress down to the word later and latest.,no,no,no,no,no,no,no,no,no,no,no,no,no,no,no,no,no,no,I tried to place the more/most words closer to the center to represent the entire circle and the least/less words towards the very edge to represent not very much space.,no,no,no,no,no,no,no,no,no,no,no,no,no,no,yes,no,no,no,NA,no,no,no,no,no,no,no,no,no,no,no,no,no,no,no,no,no,I tried to count down from the top of the circle starting with two and moving down to nine.,no,no,no,no,no,no,no,no,no,no,no,no,no,no,no,no,no,no
S33,I imagined the outside of the circle the earliest and the center the latest.,no,no,no,no,no,no,no,no,no,no,no,no,no,no,yes,no,no,no,I imagined the most being the center of the circle.,no,no,no,no,no,no,no,no,no,no,no,no,no,no,yes,no,no,no,I imagined the best being the center of the circle.,no,no,no,no,no,no,no,no,no,no,no,no,no,yes,no,no,no,I imagined the largest number in the center of the circle.,no,no,no,no,no,no,no,no,no,no,no,no,no,no,yes,no,no,no
S34,NA,no,no,no,no,no,no,no,no,no,no,no,no,no,no,no,no,no,no,NA,no,no,no,no,no,no,no,no,no,no,no,no,no,no,no,no,no,no,NA,no,no,no,no,no,no,no,no,no,no,no,no,no,no,no,no,no,NA,no,no,no,no,no,no,no,no,no,no,no,no,no,no,no,no,no,no
S35,I did not have these words.,no,no,no,no,no,no,no,no,no,no,no,no,no,no,no,no,yes,no,I felt the most would be at the top with more being a little more clockwise. Least and less would be closer to 11 on a clock.,no,yes,no,no,no,no,no,no,no,no,no,no,no,no,no,no,no,no,"For worst, I felt it was closer to 11 on a clock, while worse was slightly less around 9. Best was at 12 and better at 3.",no,yes,no,no,no,no,no,no,no,no,no,no,no,no,no,no,no,I place them according to where they would be on a clock. I felt this was the most accurate representation.,no,yes,no,no,no,no,no,no,no,no,no,no,no,no,no,no,no,no
S36,good,no,no,no,no,no,no,no,no,no,no,no,no,no,no,no,no,no,no,knoweldge,no,no,no,no,no,no,no,no,no,no,no,no,no,no,no,no,no,no,NA,no,no,no,no,no,no,no,no,no,no,no,no,no,no,no,no,no,NA,no,no,no,no,no,no,no,no,no,no,no,no,no,no,no,no,no,no
S37,NA,no,no,no,no,no,no,no,no,no,no,no,no,no,no,no,no,no,no,NA,no,no,no,no,no,no,no,no,no,no,no,no,no,no,no,no,no,no,NA,no,no,no,no,no,no,no,no,no,no,no,no,no,no,no,no,no,i placed them on imaginary X axis,no,no,yes,no,no,no,no,no,no,no,no,no,no,no,no,no,no,no
S38,NA,no,no,no,no,no,no,no,no,no,no,no,no,no,no,no,no,no,no,NA,no,no,no,no,no,no,no,no,no,no,no,no,no,no,no,no,no,no,NA,no,no,no,no,no,no,no,no,no,no,no,no,no,no,no,no,no,I put them where they would approximately fit on a linear number line on the X axis.,no,no,yes,yes,no,no,no,no,no,no,no,no,no,no,no,no,no,no
S39,"I put the earlier words to the left, and the later words to the right as if it were a timeline.",yes,no,no,no,no,no,no,no,no,no,no,no,no,no,no,no,no,no,"I thought of it like a bar, and chose the lower numbers to be at the bottom, and higher to be at the top.",no,no,no,no,no,no,no,no,no,no,no,no,no,no,no,no,no,no,"I placed the better words higher, and the worse words lower.",no,no,no,no,no,no,no,no,no,no,no,no,no,no,no,no,no,"I acted like the circle was a clock, and put each number where the would be on a clock.",no,yes,no,no,no,no,no,no,no,no,no,no,no,no,no,no,no,no
S4,NA,no,no,no,no,no,no,no,no,no,no,no,no,no,no,no,no,no,no,NA,no,no,no,no,no,no,no,no,no,no,no,no,no,no,no,no,no,no,NA,no,no,no,no,no,no,no,no,no,no,no,no,no,no,no,no,no,NA,no,no,no,no,no,no,no,no,no,no,no,no,no,no,no,no,no,no
S40,went clockwise,no,yes,no,no,no,no,no,no,no,no,no,no,no,no,no,no,no,no,went clockwise,no,yes,no,no,no,no,no,no,no,no,no,no,no,no,no,no,no,no,went clockwise,no,yes,no,no,no,no,no,no,no,no,no,no,no,no,no,no,no,went clockwise,no,yes,no,no,no,no,no,no,no,no,no,no,no,no,no,no,no,no
S41,"Early is right, it feels right
And late feels left for me",no,no,no,no,no,no,no,no,no,no,no,no,no,no,no,no,no,no,It's a matter of intensity,no,no,no,no,no,no,no,no,no,no,no,no,no,no,no,no,no,no,Every  word has its own intensity level,no,no,no,no,no,no,no,no,no,no,no,no,no,no,no,no,no,The different values,no,no,no,no,no,no,no,no,no,no,no,no,no,no,no,no,no,no
S42,To keep them in order.  I wasn't sure of how to start though.  Who goes where as far as the bottom/top.,no,no,no,no,no,no,no,no,no,no,no,no,no,no,no,no,no,no,I chose to represent them vertically with least being the bottom and working upward.,no,no,no,no,no,no,no,no,no,no,no,no,no,no,no,no,no,no,"I chose to represent them vertically with worst being the bottom and working upward.   Basically, the lowest point for all circles is associated with the least desirable word.",no,no,no,no,no,no,no,no,no,no,no,no,no,no,no,no,no,I did not see a circle with numbers.,no,no,no,no,no,no,no,no,no,no,no,no,no,no,no,no,yes,no
S43,NA,no,no,no,no,no,no,no,no,no,no,no,no,no,no,no,no,no,no,NA,no,no,no,no,no,no,no,no,no,no,no,no,no,no,no,no,no,no,Na,no,no,no,no,no,no,no,no,no,no,no,no,no,no,no,no,no,NA,no,no,no,no,no,no,no,no,no,no,no,no,no,no,no,no,no,no
S44,NA,no,no,no,no,no,no,no,no,no,no,no,no,no,no,no,no,no,no,I chose most being closer to the center and least being closer to the edge. The center area has the most.,no,no,no,no,no,no,no,no,no,no,no,no,no,no,yes,no,no,no,I chose best being closer to the center with worst being closet to the edge. Being closer to the center is best.,no,no,no,no,no,no,no,no,no,no,no,no,no,yes,no,no,no,I thought of the higher number being closer to the center with the lowest number being closer to the edge. Like a bulls eye in shooting games.,no,no,no,no,no,no,no,no,no,no,no,no,no,yes,yes,no,no,no
S45,i just randomly put them where my eyes where looking,no,no,no,no,no,no,no,no,no,no,no,no,no,no,no,yes,no,no,same thing as my first comment,no,no,no,no,no,no,no,no,no,no,no,no,no,no,no,no,no,yes,same thing just trusted my eyes,no,no,no,no,no,no,no,no,no,no,no,no,no,no,yes,no,no,where ever my eyes wondered i would place them there,no,no,no,no,no,no,no,no,no,no,no,no,no,no,no,yes,no,no
S46,based on clock,no,yes,no,no,no,no,no,no,no,no,no,no,no,no,no,no,no,no,NA,no,no,no,no,no,no,no,no,no,no,no,no,no,no,no,no,no,no,n/a,no,no,no,no,no,no,no,no,no,no,no,no,no,no,no,no,no,based on clock,no,yes,no,no,no,no,no,no,no,no,no,no,no,no,no,no,no,no
S47,I put them in order with earliest being first and latest being last.,no,no,no,no,no,no,no,no,no,no,no,no,no,no,no,no,no,no,NA,no,no,no,no,no,no,no,no,no,no,no,no,no,no,no,no,no,no,NA,no,no,no,no,no,no,no,no,no,no,no,no,no,no,no,no,no,There must have been a glitch as I was never given this one.,no,no,no,no,no,no,no,no,no,no,no,no,no,no,no,no,yes,no
S48,I tried to make them like a cross again because i though this just doesn't matter or make sense why am i putting a lot of effort into it.,no,no,no,no,no,no,no,no,no,no,no,no,yes,no,no,yes,no,no,I did them in a cross pattern because i didn't think it mattered,no,no,no,no,no,no,no,no,no,no,no,no,yes,no,no,yes,no,no,I tried to put them in a vertical graph,no,no,yes,no,no,no,no,no,no,no,no,no,no,no,no,no,no,I tried to put them in a vertical graph,no,no,yes,no,no,no,no,no,no,no,no,no,no,no,no,no,no,no
S49,I arranged them by time. In the center as if on a graph.,no,no,yes,no,no,no,no,no,no,no,no,no,no,no,no,no,no,no,"I ordered them from least to most, top to bottom.",no,no,no,no,no,no,no,no,no,no,no,no,no,no,no,no,no,no,"I arranged them by rank, best on top worst on bottom.",no,no,no,no,no,no,no,no,no,no,no,no,no,no,no,no,no,"I placed them in the center as if on a graph, ranked lowest to highest number.",no,no,yes,no,no,no,no,no,no,no,no,no,no,no,no,no,no,no
S5,I wanted put it in order from earliest to latest,no,no,no,no,no,no,no,no,no,no,no,no,no,no,no,no,no,no,I wanted to place them in order of most to least.,no,no,no,no,no,no,no,no,no,no,no,no,no,no,no,no,no,no,I wanted to put it in order from best to worst,no,no,no,no,no,no,no,no,no,no,no,no,no,no,no,no,no,I wanted to place them from highest to lowest number.,no,no,no,no,no,no,no,no,no,no,no,no,no,no,no,no,no,no
S50,NA,no,no,no,no,no,no,no,no,no,no,no,no,no,no,no,no,no,no,NA,no,no,no,no,no,no,no,no,no,no,no,no,no,no,no,no,no,no,Like a bullseye,no,no,no,no,no,no,no,no,no,no,no,no,yes,yes,no,no,no,NA,no,no,no,no,no,no,no,no,no,no,no,no,no,no,no,no,no,no
S51,"I thought of a clock face and chose where certain ""times"" were.",no,yes,no,no,no,no,no,no,no,no,no,no,no,no,no,no,no,no,"I thought of circle as being filled and clicked where certain ""fill"" levels were.",no,no,no,no,no,no,yes,no,no,no,no,no,no,no,no,no,no,no,I tried to think of angles on a pie chart.,no,no,yes,no,no,no,no,no,no,no,no,no,no,no,no,no,no,NA,no,no,no,no,no,no,no,no,no,no,no,no,no,no,no,no,no,no
S52,I chose this order based on when they happen..,no,no,no,no,no,no,no,no,no,no,no,no,no,no,no,no,no,no,"I think least belongs at the bottom, and less goes right aove that. More belongs above less and most belongs at the top.",no,no,no,no,no,no,no,no,no,no,no,no,no,no,no,no,no,no,"Worst belongs at the bottom, and worse goes right above that. Best is at the top, and better is right below.",no,no,no,no,no,no,no,no,no,no,no,no,no,no,no,no,no,I placed them in the order the numbers belong.,no,no,no,no,no,no,no,no,no,no,no,no,no,no,no,no,no,no
S53,"Like before, the top of the circle was the more (or in this case, later) area.",no,no,no,no,no,no,no,no,no,no,no,no,no,no,no,no,no,yes,"I chose the top of the circle as the ""higher"" or ""more"" area, and vice versa for the bottom.",no,no,no,no,no,no,no,no,no,no,no,no,no,no,no,no,no,no,"Like before, the top of the circle was the positive area, and the bottom the negative.",no,no,no,no,no,no,no,no,no,no,no,no,no,no,no,no,yes,I didn't have to place numbers.,no,no,no,no,no,no,no,no,no,no,no,no,no,no,no,no,yes,no
S54,earliest to latest top to bottom,no,no,no,no,no,no,no,no,no,no,no,no,no,no,no,no,no,no,didn't have these,no,no,no,no,no,no,no,no,no,no,no,no,no,no,no,no,yes,no,from best to worst top to bottom,no,no,no,no,no,no,no,no,no,no,no,no,no,no,no,no,no,clock face,no,yes,no,no,no,no,no,no,no,no,no,no,no,no,no,no,no,no
S55,"I looked at the circle as a clock, but the top of the circle was 'early' and the bottom was late.",no,yes,no,no,no,no,no,no,no,no,no,no,no,no,no,no,no,no,It was similar to the others where more/most were near the top of the circle and less/least were at the bottom.,no,no,no,no,no,no,no,no,no,no,no,no,no,no,no,no,no,yes,"I put the best at the top, the worst at the bottom, and then for better and worse I went clockwise towards the extreme of the two because it just made sense.",no,yes,no,no,no,no,no,no,no,no,no,no,no,no,no,no,no,NA,no,no,no,no,no,no,no,no,no,no,no,no,no,no,no,no,no,no
S56,NA,no,no,no,no,no,no,no,no,no,no,no,no,no,no,no,no,no,no,NA,no,no,no,no,no,no,no,no,no,no,no,no,no,no,no,no,no,no,NA,no,no,no,no,no,no,no,no,no,no,no,no,no,no,no,no,no,NA,no,no,no,no,no,no,no,no,no,no,no,no,no,no,no,no,no,no
S57,the iddle was right now,no,no,no,no,no,no,no,no,no,no,no,no,no,no,no,no,no,no,looked at it as a graph,no,no,yes,no,no,no,no,no,no,no,no,no,no,no,no,no,no,no,It felt geographically correct if that means anything,no,no,no,no,no,no,no,no,no,no,no,no,no,no,no,no,no,graph,no,no,yes,no,no,no,no,no,no,no,no,no,no,no,no,no,no,no
S58,NA,no,no,no,no,no,no,no,no,no,no,no,no,no,no,no,no,no,no,i can choose the place is followed by a instructions,no,no,no,no,no,no,no,no,no,no,no,no,no,no,no,no,no,no,i follow the instructions correctly so i can choose,no,no,no,no,no,no,no,no,no,no,no,no,no,no,no,no,no,followed by a instruction and apply the find places,no,no,no,no,no,no,no,no,no,no,no,no,no,no,no,no,no,no
S59,This word test did not show up in my study.  Was there a technical error that caused these words to not show up?,no,no,no,no,no,no,no,no,no,no,no,no,no,no,no,no,yes,no,I placed the words in the places I did because to me that was the most meaningful.,no,no,no,no,no,no,no,no,no,no,no,no,no,no,no,no,no,no,I placed the words in the places I did because to me that was the most meaningful.,no,no,no,no,no,no,no,no,no,no,no,no,no,no,no,no,no,I placed the numbers like the hands on a clock.,no,yes,no,no,no,no,no,no,no,no,no,no,no,no,no,no,no,no
S6,later,no,no,no,no,no,no,no,no,no,no,no,no,no,no,no,no,no,no,less,no,no,no,no,no,no,no,no,no,no,no,no,no,no,no,no,no,no,better,no,no,no,no,no,no,no,no,no,no,no,no,no,no,no,no,no,happy,no,no,no,no,no,no,no,no,no,no,no,no,no,no,no,no,no,no
S60,na,no,no,no,no,no,no,no,no,no,no,no,no,no,no,no,no,no,no,I chose to place least and less on the bottom and more and most on the top,no,no,no,no,no,no,no,no,no,no,no,no,no,no,no,no,no,no,I went from worst to best starting from the bottom,no,no,no,no,no,no,no,no,no,no,no,no,no,no,no,no,no,I placed the lower number towards the bottom,no,no,no,no,no,no,no,no,no,no,no,no,no,no,no,no,no,no
S61,NA,no,no,no,no,no,no,no,no,no,no,no,no,no,no,no,no,no,no,NA,no,no,no,no,no,no,no,no,no,no,no,no,no,no,no,no,no,no,NA,no,no,no,no,no,no,no,no,no,no,no,no,no,no,no,no,no,NA,no,no,no,no,no,no,no,no,no,no,no,no,no,no,no,no,no,no
S62,na,no,no,no,no,no,no,no,no,no,no,no,no,no,no,no,no,no,no,na,no,no,no,no,no,no,no,no,no,no,no,no,no,no,no,no,no,no,na,no,no,no,no,no,no,no,no,no,no,no,no,no,no,no,no,no,na,no,no,no,no,no,no,no,no,no,no,no,no,no,no,no,no,no,no
S63,This seemed to be more linear from left to right. I saw it as a time line.,yes,no,no,no,no,no,no,no,no,no,no,no,no,no,no,no,no,no,It was like I was filling the circle. Most was the circle being full.,no,no,no,no,no,no,yes,no,no,no,no,no,no,no,no,no,no,no,"Being on top represented the ""best"" and I worked my way down to worst.",no,no,no,no,no,no,no,no,no,no,no,no,no,no,no,no,no,NA,no,no,no,no,no,no,no,no,no,no,no,no,no,no,no,no,no,no
S64,I put them later as closer to the edge of the circle,no,no,no,no,no,no,no,no,no,no,no,no,no,no,yes,no,no,no,NA,no,no,no,no,no,no,no,no,no,no,no,no,no,no,no,no,no,no,"Best was in the middle, worst on the outside",no,no,no,no,no,no,no,no,no,no,no,no,no,yes,no,no,no,I put hem like a clock,no,yes,no,no,no,no,no,no,no,no,no,no,no,no,no,no,no,no
S65,"I tried to imagine the earth from space, and you can see where it is night and where it is day by where the suns light lands. The darkest part would be the latest, and the lightest would be earliest.",no,no,no,no,no,no,yes,no,no,no,no,no,no,no,no,no,no,no,"Just a straight vertical scale. Bottom of the circle is the least filled if you imagine a liquid at that level, and top is the most filled.",no,no,no,no,no,no,yes,no,no,no,no,no,no,no,no,no,no,no,NA,no,no,no,no,no,no,no,no,no,no,no,no,no,no,no,no,no,I imagined a clock and tried to estimate the positions of those numbers. I think most people would think of this method.,no,yes,no,no,no,no,no,no,no,no,no,no,no,no,no,no,no,no
S66,"It made me think of a clock, so I placed them around the circle.",no,yes,no,no,no,no,no,no,no,no,no,no,no,no,no,no,no,no,I just placed them in a column.,no,no,no,no,no,no,no,no,no,no,no,no,no,no,no,no,no,no,I just placed them randomly.,no,no,no,no,no,no,no,no,no,no,no,no,no,no,yes,no,no,I didn't have those numbers to place.,no,no,no,no,no,no,no,no,no,no,no,no,no,no,no,no,yes,no
S67,"Now earliest stage.
i coming in earlier morning.
call back later.
dress is latest new collection.
",no,no,no,no,no,no,no,no,no,no,no,no,no,no,no,no,no,no,"john was least score.
Jose is less university less mark.
today is  more work.
it's most first.

",no,no,no,no,no,no,no,no,no,no,no,no,no,no,no,no,no,no,"mercy is worst girl.
NA
today is better than work.
my best fiend is Henry.",no,no,no,no,no,no,no,no,no,no,no,no,no,no,no,no,no,"i selected in 2 number 2.
mercy is 4th place.
NA
NA",no,no,no,no,no,no,no,no,no,no,no,no,no,no,no,no,no,no
S68,"I wanted to pair earlier, earliest and later, latest.",no,no,no,no,no,no,no,no,no,no,no,no,no,no,no,no,no,no,I wanted to pair less more and least most.,no,no,no,no,no,no,no,no,no,no,no,no,no,no,no,no,no,no,I wanted to pair worse better and worst best.,no,no,no,no,no,no,no,no,no,no,no,no,no,no,no,no,no,"I wanted to pair 2, 4 and 7, 9.",no,no,no,no,no,no,no,no,no,no,no,no,no,no,no,no,no,no
S69,NA,no,no,no,no,no,no,no,no,no,no,no,no,no,no,no,no,no,no,NA,no,no,no,no,no,no,no,no,no,no,no,no,no,no,no,no,no,no,NA,no,no,no,no,no,no,no,no,no,no,no,no,no,no,no,no,no,NA,no,no,no,no,no,no,no,no,no,no,no,no,no,no,no,no,no,no
S7,I went from the top to bottom with it.,no,no,no,no,no,no,no,no,no,no,no,no,no,no,no,no,no,no,I just went with my gut mostly.,no,no,no,no,no,no,no,no,no,no,no,no,no,no,no,no,no,no,It was just a gut feeling,no,no,no,no,no,no,no,no,no,no,no,no,no,no,no,no,no,I thought of a clock,no,yes,no,no,no,no,no,no,no,no,no,no,no,no,no,no,no,no
S70,NA,no,no,no,no,no,no,no,no,no,no,no,no,no,no,no,no,no,no,I FOLLOWING INSTRUCTION. SO I CHOOSE THIS OPTION.,no,no,no,no,no,no,no,no,no,no,no,no,no,no,no,no,no,no,I FOLLOWING INSTRUCTION SO I CHOOSE THIS OPTION.,no,no,no,no,no,no,no,no,no,no,no,no,no,no,no,no,no,I FOLLOWING INSTRUCTION. SO I CHOOSE THIS OPTION.,no,no,no,no,no,no,no,no,no,no,no,no,no,no,no,no,no,no
S71,I put earliest and earlier high in the circle and later and latest lower in the circle.,no,no,no,no,no,no,no,no,no,no,no,no,no,no,no,no,no,no,I put the positive words at the top and the negative words at the bottom.,no,no,no,no,no,no,no,no,yes,no,no,no,no,no,no,no,no,no,I put the bad words at the bottom and the good words at the top.,no,no,no,no,no,no,no,no,no,no,no,no,no,no,no,no,no,I did not place any numbers.,no,no,no,no,no,no,no,no,no,no,no,no,no,no,no,no,yes,no
S72,i chose the edge as the earliest,no,no,no,no,no,no,no,no,no,no,no,no,no,no,no,no,no,no,it seems being near the circumference of the circle is more ot most. so i clicked accordingly,no,no,no,no,no,no,no,no,no,no,no,no,no,no,yes,no,no,no,NA,no,no,no,no,no,no,no,no,no,no,no,no,no,no,no,no,no,i imagined a number line with the center being 0.,no,no,no,yes,no,no,no,no,no,no,no,no,no,no,no,no,no,no
S73,earlier,no,no,no,no,no,no,no,no,no,no,no,no,no,no,no,no,no,no,most,no,no,no,no,no,no,no,no,no,no,no,no,no,no,no,no,no,no,best,no,no,no,no,no,no,no,no,no,no,no,no,no,no,no,no,no,4,no,no,no,no,no,no,no,no,no,no,no,no,no,no,no,no,no,no
S75,n/a,no,no,no,no,no,no,no,no,no,no,no,no,no,no,no,no,no,no,n/a,no,no,no,no,no,no,no,no,no,no,no,no,no,no,no,no,no,no,n/a,no,no,no,no,no,no,no,no,no,no,no,no,no,no,no,no,no,n/a,no,no,no,no,no,no,no,no,no,no,no,no,no,no,no,no,no,no
S76,"I wanted to arrange them from least to most, and thought I'd start with least at the center moving towards the outside, rather than the other way around.",no,no,no,no,no,no,no,no,no,no,no,no,no,no,yes,no,no,no,same reasoning as the others with least towards the center and most towards th outside.,no,no,no,no,no,no,no,no,no,no,no,no,no,no,yes,no,no,yes,again from best to worst in a kind of order with best towards the center.,no,no,no,no,no,no,no,no,no,no,no,no,no,yes,no,no,no,I wasn't sure. I thought I'd group them by odd and even with the lower numbers towards the center and higher numbers towards the outside.,no,no,no,no,no,no,no,no,no,no,no,no,no,no,yes,no,no,no
S77,NA,no,no,no,no,no,no,no,no,no,no,no,no,no,no,no,no,no,no,"Were these the correct words? I thought they were different, but I could be mistaken. If so, NA.",no,no,no,no,no,no,no,no,no,no,no,no,no,no,no,no,yes,no,NA,no,no,no,no,no,no,no,no,no,no,no,no,no,no,no,no,no,NA,no,no,no,no,no,no,no,no,no,no,no,no,no,no,no,no,no,no
S78,na,no,no,no,no,no,no,no,no,no,no,no,no,no,no,no,no,no,no,na,no,no,no,no,no,no,no,no,no,no,no,no,no,no,no,no,no,no,na,no,no,no,no,no,no,no,no,no,no,no,no,no,no,no,no,no,na,no,no,no,no,no,no,no,no,no,no,no,no,no,no,no,no,no,no
S8,Again that seemed like the logical place,no,no,no,no,no,no,no,no,no,no,no,no,no,no,no,no,no,yes,I was using the circle as a scale.,no,no,no,no,no,no,no,no,no,no,no,no,no,no,no,no,no,no,I was looking at the circle as a line and put them where I thought they needed to be.,no,no,no,no,no,no,no,no,no,no,no,no,no,no,no,no,no,To me when I looked at the circle that was the logical place.,no,no,no,no,no,no,no,no,no,no,no,no,no,no,no,no,no,no
S80,n/a,no,no,no,no,no,no,no,no,no,no,no,no,no,no,no,no,no,no,n*/a,no,no,no,no,no,no,no,no,no,no,no,no,no,no,no,no,no,no,n/a,no,no,no,no,no,no,no,no,no,no,no,no,no,no,no,no,no,n/a,no,no,no,no,no,no,no,no,no,no,no,no,no,no,no,no,no,no
S81,I put them in a line from left to right based on the time in which they would occur.,no,no,no,no,no,no,no,no,no,no,no,no,no,no,no,no,no,no,NA,no,no,no,no,no,no,no,no,no,no,no,no,no,no,no,no,no,no,NA,no,no,no,no,no,no,no,no,no,no,no,no,no,no,no,no,no,I pretended the circle was a clock and I put the numbers where they would be on a clock.,no,yes,no,no,no,no,no,no,no,no,no,no,no,no,no,no,no,no
S82,NA,no,no,no,no,no,no,no,no,no,no,no,no,no,no,no,no,no,no,NA,no,no,no,no,no,no,no,no,no,no,no,no,no,no,no,no,no,no,NA,no,no,no,no,no,no,no,no,no,no,no,no,no,no,no,no,no,NA,no,no,no,no,no,no,no,no,no,no,no,no,no,no,no,no,no,no
S83,NA,no,no,no,no,no,no,no,no,no,no,no,no,no,no,no,no,no,no,IN CIRCLE,no,no,no,no,no,no,no,no,no,no,no,no,no,no,no,no,no,no,INSIDE THE CIRCLE,no,no,no,no,no,no,no,no,no,no,no,no,no,no,no,no,no,NA,no,no,no,no,no,no,no,no,no,no,no,no,no,no,no,no,no,no
S85,NA,no,no,no,no,no,no,no,no,no,no,no,no,no,no,no,no,no,no,I imagined it as a dial I was turning.,no,no,no,no,no,no,yes,no,no,no,no,no,no,no,no,no,no,no,I saw it as a slider.,no,no,no,no,no,no,no,no,no,no,no,no,no,no,no,no,no,I placed them like a clock face.,no,yes,no,no,no,no,no,no,no,no,no,no,no,no,no,no,no,no
S86,I chose earliest and earlier to be first on top because they come before later and latest.,no,no,no,no,no,no,no,no,no,no,no,no,no,no,no,no,no,no,I chose more and most for toward the top and least and less through the bottom. I did this because I feel like less should be on the bottom below more.,no,no,no,no,no,no,no,no,no,no,no,no,no,no,no,no,no,no,I chose to place best and better near the top and worst and worse towards the bottom. I feel like best and better should be above worst and worse,no,no,no,no,no,no,no,no,no,no,no,no,no,no,no,no,no,I put the numbers in numeral order to match where they should go.,no,no,no,no,no,no,no,no,no,no,no,no,no,no,no,no,no,no
S87,"Left to right order-- left words are the ""earliest"" we see if reading left to right",no,no,no,no,no,yes,no,no,no,no,no,no,no,no,no,no,no,no,Basically thought of the circle as a container- bottom (least) top (most),no,no,no,no,no,no,yes,no,no,no,no,no,no,no,no,no,no,no,NA,no,no,no,no,no,no,no,no,no,no,no,no,no,no,no,no,no,Analog Clock- just seemed to be the most practical,no,yes,no,no,no,no,no,no,no,no,no,no,no,no,no,no,no,no
S88,I HAVE ORDERED EARLIER AND EARLIEST WORDS TOP SIDE AND LATER AND LATEST WORDS BOTTOM SIDE.,no,no,no,no,no,no,no,no,no,no,no,no,no,no,no,no,no,no,I HAVE ORDERED LEAST AND LESS TOP SIDE AND  MORE MOST WORDS  LOW SIDE ORDERED.,no,no,no,no,no,no,no,no,no,no,no,no,no,no,no,no,no,no,N/A,no,no,no,no,no,no,no,no,no,no,no,no,no,no,no,no,no,N/A,no,no,no,no,no,no,no,no,no,no,no,no,no,no,no,no,no,no
S89,Like a clock,no,yes,no,no,no,no,no,no,no,no,no,no,no,no,no,no,no,no,Like a clock,no,yes,no,no,no,no,no,no,no,no,no,no,no,no,no,no,no,no,Like a clock,no,yes,no,no,no,no,no,no,no,no,no,no,no,no,no,no,no,Like a clock,no,yes,no,no,no,no,no,no,no,no,no,no,no,no,no,no,no,no
S9,I wanted earliest and earlier more towards the center because they seemed more positive than later and latest.,no,no,no,no,no,no,no,no,yes,no,no,no,no,no,yes,no,no,no,"I wanted Most and More near the center because it seemed more positive, but I misclicked and put most and more towards the edge.",no,no,no,no,no,no,no,no,yes,no,no,no,no,no,yes,no,no,no,"I wanted the more positive words in the center, so I put better and best in the middle and worse and worst towards the outer edge.",no,no,no,no,no,no,no,no,no,no,no,no,no,yes,no,no,no,I didn't get any numbers for my clicks.,no,no,no,no,no,no,no,no,no,no,no,no,no,no,no,no,yes,no
S91,NA,no,no,no,no,no,no,no,no,no,no,no,no,no,no,no,no,no,no,NA,no,no,no,no,no,no,no,no,no,no,no,no,no,no,no,no,no,no,NA,no,no,no,no,no,no,no,no,no,no,no,no,no,no,no,no,no,NA,no,no,no,no,no,no,no,no,no,no,no,no,no,no,no,no,no,no
S92,na,no,no,no,no,no,no,no,no,no,no,no,no,no,no,no,no,no,no,na,no,no,no,no,no,no,no,no,no,no,no,no,no,no,no,no,no,no,na,no,no,no,no,no,no,no,no,no,no,no,no,no,no,no,no,no,na,no,no,no,no,no,no,no,no,no,no,no,no,no,no,no,no,no,no
S93,"I put them in relation to time on a clock, 12 being earliest",no,yes,no,no,no,no,no,no,no,no,no,no,no,no,no,no,no,no,NA,no,no,no,no,no,no,no,no,no,no,no,no,no,no,no,no,no,no,I wanted to put best/worst opposite each other,no,no,no,no,no,no,no,no,no,no,no,no,no,no,no,no,no,"I didn't have the option to place numbers, only words",no,no,no,no,no,no,no,no,no,no,no,no,no,no,no,no,yes,no
S94,NA,no,no,no,no,no,no,no,no,no,no,no,no,no,no,no,no,no,no,NA,no,no,no,no,no,no,no,no,no,no,no,no,no,no,no,no,no,no,NA,no,no,no,no,no,no,no,no,no,no,no,no,no,no,no,no,no,NA,no,no,no,no,no,no,no,no,no,no,no,no,no,no,no,no,no,no
S95,I thought if a horizontal timeline,yes,no,no,no,no,no,no,no,no,no,no,no,no,no,no,no,no,no,I thought of a vertical line showing amount,no,no,no,no,no,no,no,no,no,no,no,no,no,no,no,no,no,no,I thought of a vertical line showing from worst to best,no,no,no,no,no,no,no,no,no,no,no,no,no,no,no,no,no,I thought of a vertical line showing numbers,no,no,no,no,no,no,no,no,no,no,no,no,no,no,no,no,no,no
S96,"Since the day goes from early to late, that's the way I ordered the words. Early is before and late is after.",no,no,no,no,no,no,no,no,no,no,no,no,no,no,no,no,no,no,"I went least, less, more, most because it felt right to put them in increasing order. It's like counting 1 to 10.",no,no,yes,yes,no,no,no,no,no,no,no,no,no,no,no,no,no,no,"I consider worst and worse to be lower values and better and best to be higher values. This one is more ambiguous, but I ordered from worst to best because it seemed like lower to higher.",no,no,no,no,no,no,no,no,no,no,no,no,no,no,no,no,no,I put them in increasing order because we count from 1 to 10 in that order. It just felt correct.,no,no,no,no,no,no,no,no,no,no,no,no,no,no,no,no,no,no
S97,This one was hard and I think I misclicked the latest. I took latest to mean the most recent rather than in timing.,no,no,no,no,no,no,no,no,no,no,no,no,no,no,no,no,no,no,NA,no,no,no,no,no,no,no,no,no,no,no,no,no,no,no,no,no,no,"I once again made the center of the circle the target or bullseye so best would be in the center and then as the words became further from the ideal best, they got further from the center.",no,no,no,no,no,no,no,no,no,no,no,no,yes,yes,no,no,no,"I made the center of the circle 1, and all other numbers extending out from 1 or the center. I thought of the center of the circle as the target or the bullseye and typically 1 is the number to shoot for.",no,no,no,no,no,no,no,no,no,no,no,no,no,yes,yes,no,no,no
S98,NA,no,no,no,no,no,no,no,no,no,no,no,no,no,no,no,no,no,no,NA,no,no,no,no,no,no,no,no,no,no,no,no,no,no,no,no,no,no,NA,no,no,no,no,no,no,no,no,no,no,no,no,no,no,no,no,no,NA,no,no,no,no,no,no,no,no,no,no,no,no,no,no,no,no,no,no
S99,timeline,yes,no,no,no,no,no,no,no,no,no,no,no,no,no,no,no,no,no,size line,no,no,no,no,no,no,no,no,no,no,no,no,no,no,no,no,no,no,went backwards just to change it up,no,no,no,no,no,no,no,no,no,no,yes,no,no,no,no,no,no,number line,no,no,no,yes,no,no,no,no,no,no,no,no,no,no,no,no,no,no